run_id,L,L_mesh,Is_Porous,E_matrix,nu_matrix,VoF_sphere,r_avg,r_std,Mode,Disp,Mode2,Disp2,VoF_void_sphere,VoF_incl_sphere,E_sphere_inclusion,nu_sphere_inclusion,sphericity_avg,sphericity_std,min_distance,max_iterations,nlgeom_flag,PBC_Method,Kappa,Bending_Plane,Bending_PBC_Type,generate_channels,channel_vof_target,r_channel_avg,r_channel_std,Growth_Direction,Growth_Concentration,Inclusion_Type,K_inclusion,G_inclusion,full_tensor,n_slabs,slab_vof,bridge_fraction,n_bridges,slab_axis,bridge_correlation
LB_p080_b010_drn_s1,0.50,0.0050,Composite,9.37e9,0.33,0.0325,0.030,0.008,Uniaxial Tension X,0.005,Uniaxial Tension Z,0.005,0.0100,0.0225,2.2e9,0.48,0.85,0.10,0.002,200000,OFF,Gmsh,0,xz,Lesicar,No,0.0,0.025,0.006,Z,0.40,Liquid,2.2e+06,440029.33528897085,No,4,0.0800,0.1000,2,x,0.0000
LB_p080_b010_drn_s2,0.50,0.0050,Composite,9.37e9,0.33,0.0325,0.030,0.008,Uniaxial Tension X,0.005,Uniaxial Tension Z,0.005,0.0100,0.0225,2.2e9,0.48,0.85,0.10,0.002,200000,OFF,Gmsh,0,xz,Lesicar,No,0.0,0.025,0.006,Z,0.40,Liquid,2.2e+06,440029.33528897085,No,4,0.0800,0.1000,2,x,0.0000
LB_p080_b010_drn_s3,0.50,0.0050,Composite,9.37e9,0.33,0.0325,0.030,0.008,Uniaxial Tension X,0.005,Uniaxial Tension Z,0.005,0.0100,0.0225,2.2e9,0.48,0.85,0.10,0.002,200000,OFF,Gmsh,0,xz,Lesicar,No,0.0,0.025,0.006,Z,0.40,Liquid,2.2e+06,440029.33528897085,No,4,0.0800,0.1000,2,x,0.0000
LB_p080_b010_und_s1,0.50,0.0050,Composite,9.37e9,0.33,0.0325,0.030,0.008,Uniaxial Tension X,0.005,Uniaxial Tension Z,0.005,0.0100,0.0225,2.2e9,0.48,0.85,0.10,0.002,200000,OFF,Gmsh,0,xz,Lesicar,No,0.0,0.025,0.006,Z,0.40,Liquid,2.2e9,440029.33528897085,No,4,0.0800,0.1000,2,x,0.0000
LB_p080_b010_und_s2,0.50,0.0050,Composite,9.37e9,0.33,0.0325,0.030,0.008,Uniaxial Tension X,0.005,Uniaxial Tension Z,0.005,0.0100,0.0225,2.2e9,0.48,0.85,0.10,0.002,200000,OFF,Gmsh,0,xz,Lesicar,No,0.0,0.025,0.006,Z,0.40,Liquid,2.2e9,440029.33528897085,No,4,0.0800,0.1000,2,x,0.0000
LB_p080_b010_und_s3,0.50,0.0050,Composite,9.37e9,0.33,0.0325,0.030,0.008,Uniaxial Tension X,0.005,Uniaxial Tension Z,0.005,0.0100,0.0225,2.2e9,0.48,0.85,0.10,0.002,200000,OFF,Gmsh,0,xz,Lesicar,No,0.0,0.025,0.006,Z,0.40,Liquid,2.2e9,440029.33528897085,No,4,0.0800,0.1000,2,x,0.0000
LB_p080_b020_drn_s1,0.50,0.0050,Composite,9.37e9,0.33,0.0325,0.030,0.008,Uniaxial Tension X,0.005,Uniaxial Tension Z,0.005,0.0100,0.0225,2.2e9,0.48,0.85,0.10,0.002,200000,OFF,Gmsh,0,xz,Lesicar,No,0.0,0.025,0.006,Z,0.40,Liquid,2.2e+06,440029.33528897085,No,4,0.0800,0.2000,2,x,0.0000
LB_p080_b020_drn_s2,0.50,0.0050,Composite,9.37e9,0.33,0.0325,0.030,0.008,Uniaxial Tension X,0.005,Uniaxial Tension Z,0.005,0.0100,0.0225,2.2e9,0.48,0.85,0.10,0.002,200000,OFF,Gmsh,0,xz,Lesicar,No,0.0,0.025,0.006,Z,0.40,Liquid,2.2e+06,440029.33528897085,No,4,0.0800,0.2000,2,x,0.0000
LB_p080_b020_drn_s3,0.50,0.0050,Composite,9.37e9,0.33,0.0325,0.030,0.008,Uniaxial Tension X,0.005,Uniaxial Tension Z,0.005,0.0100,0.0225,2.2e9,0.48,0.85,0.10,0.002,200000,OFF,Gmsh,0,xz,Lesicar,No,0.0,0.025,0.006,Z,0.40,Liquid,2.2e+06,440029.33528897085,No,4,0.0800,0.2000,2,x,0.0000
LB_p080_b020_und_s1,0.50,0.0050,Composite,9.37e9,0.33,0.0325,0.030,0.008,Uniaxial Tension X,0.005,Uniaxial Tension Z,0.005,0.0100,0.0225,2.2e9,0.48,0.85,0.10,0.002,200000,OFF,Gmsh,0,xz,Lesicar,No,0.0,0.025,0.006,Z,0.40,Liquid,2.2e9,440029.33528897085,No,4,0.0800,0.2000,2,x,0.0000
LB_p080_b020_und_s2,0.50,0.0050,Composite,9.37e9,0.33,0.0325,0.030,0.008,Uniaxial Tension X,0.005,Uniaxial Tension Z,0.005,0.0100,0.0225,2.2e9,0.48,0.85,0.10,0.002,200000,OFF,Gmsh,0,xz,Lesicar,No,0.0,0.025,0.006,Z,0.40,Liquid,2.2e9,440029.33528897085,No,4,0.0800,0.2000,2,x,0.0000
LB_p080_b020_und_s3,0.50,0.0050,Composite,9.37e9,0.33,0.0325,0.030,0.008,Uniaxial Tension X,0.005,Uniaxial Tension Z,0.005,0.0100,0.0225,2.2e9,0.48,0.85,0.10,0.002,200000,OFF,Gmsh,0,xz,Lesicar,No,0.0,0.025,0.006,Z,0.40,Liquid,2.2e9,440029.33528897085,No,4,0.0800,0.2000,2,x,0.0000
LB_p080_b030_drn_s1,0.50,0.0057,Composite,9.37e9,0.33,0.0325,0.030,0.008,Uniaxial Tension X,0.005,Uniaxial Tension Z,0.005,0.0100,0.0225,2.2e9,0.48,0.85,0.10,0.002,200000,OFF,Gmsh,0,xz,Lesicar,No,0.0,0.025,0.006,Z,0.40,Liquid,2.2e+06,440029.33528897085,No,4,0.0800,0.3000,2,x,0.0000
LB_p080_b030_drn_s2,0.50,0.0057,Composite,9.37e9,0.33,0.0325,0.030,0.008,Uniaxial Tension X,0.005,Uniaxial Tension Z,0.005,0.0100,0.0225,2.2e9,0.48,0.85,0.10,0.002,200000,OFF,Gmsh,0,xz,Lesicar,No,0.0,0.025,0.006,Z,0.40,Liquid,2.2e+06,440029.33528897085,No,4,0.0800,0.3000,2,x,0.0000
LB_p080_b030_drn_s3,0.50,0.0057,Composite,9.37e9,0.33,0.0325,0.030,0.008,Uniaxial Tension X,0.005,Uniaxial Tension Z,0.005,0.0100,0.0225,2.2e9,0.48,0.85,0.10,0.002,200000,OFF,Gmsh,0,xz,Lesicar,No,0.0,0.025,0.006,Z,0.40,Liquid,2.2e+06,440029.33528897085,No,4,0.0800,0.3000,2,x,0.0000
LB_p080_b030_und_s1,0.50,0.0057,Composite,9.37e9,0.33,0.0325,0.030,0.008,Uniaxial Tension X,0.005,Uniaxial Tension Z,0.005,0.0100,0.0225,2.2e9,0.48,0.85,0.10,0.002,200000,OFF,Gmsh,0,xz,Lesicar,No,0.0,0.025,0.006,Z,0.40,Liquid,2.2e9,440029.33528897085,No,4,0.0800,0.3000,2,x,0.0000
LB_p080_b030_und_s2,0.50,0.0057,Composite,9.37e9,0.33,0.0325,0.030,0.008,Uniaxial Tension X,0.005,Uniaxial Tension Z,0.005,0.0100,0.0225,2.2e9,0.48,0.85,0.10,0.002,200000,OFF,Gmsh,0,xz,Lesicar,No,0.0,0.025,0.006,Z,0.40,Liquid,2.2e9,440029.33528897085,No,4,0.0800,0.3000,2,x,0.0000
LB_p080_b030_und_s3,0.50,0.0057,Composite,9.37e9,0.33,0.0325,0.030,0.008,Uniaxial Tension X,0.005,Uniaxial Tension Z,0.005,0.0100,0.0225,2.2e9,0.48,0.85,0.10,0.002,200000,OFF,Gmsh,0,xz,Lesicar,No,0.0,0.025,0.006,Z,0.40,Liquid,2.2e9,440029.33528897085,No,4,0.0800,0.3000,2,x,0.0000
LB_p080_b045_drn_s1,0.50,0.0073,Composite,9.37e9,0.33,0.0325,0.030,0.008,Uniaxial Tension X,0.005,Uniaxial Tension Z,0.005,0.0100,0.0225,2.2e9,0.48,0.85,0.10,0.002,200000,OFF,Gmsh,0,xz,Lesicar,No,0.0,0.025,0.006,Z,0.40,Liquid,2.2e+06,440029.33528897085,No,4,0.0800,0.4500,2,x,0.0000
LB_p080_b045_drn_s2,0.50,0.0073,Composite,9.37e9,0.33,0.0325,0.030,0.008,Uniaxial Tension X,0.005,Uniaxial Tension Z,0.005,0.0100,0.0225,2.2e9,0.48,0.85,0.10,0.002,200000,OFF,Gmsh,0,xz,Lesicar,No,0.0,0.025,0.006,Z,0.40,Liquid,2.2e+06,440029.33528897085,No,4,0.0800,0.4500,2,x,0.0000
LB_p080_b045_drn_s3,0.50,0.0073,Composite,9.37e9,0.33,0.0325,0.030,0.008,Uniaxial Tension X,0.005,Uniaxial Tension Z,0.005,0.0100,0.0225,2.2e9,0.48,0.85,0.10,0.002,200000,OFF,Gmsh,0,xz,Lesicar,No,0.0,0.025,0.006,Z,0.40,Liquid,2.2e+06,440029.33528897085,No,4,0.0800,0.4500,2,x,0.0000
LB_p080_b045_und_s1,0.50,0.0073,Composite,9.37e9,0.33,0.0325,0.030,0.008,Uniaxial Tension X,0.005,Uniaxial Tension Z,0.005,0.0100,0.0225,2.2e9,0.48,0.85,0.10,0.002,200000,OFF,Gmsh,0,xz,Lesicar,No,0.0,0.025,0.006,Z,0.40,Liquid,2.2e9,440029.33528897085,No,4,0.0800,0.4500,2,x,0.0000
LB_p080_b045_und_s2,0.50,0.0073,Composite,9.37e9,0.33,0.0325,0.030,0.008,Uniaxial Tension X,0.005,Uniaxial Tension Z,0.005,0.0100,0.0225,2.2e9,0.48,0.85,0.10,0.002,200000,OFF,Gmsh,0,xz,Lesicar,No,0.0,0.025,0.006,Z,0.40,Liquid,2.2e9,440029.33528897085,No,4,0.0800,0.4500,2,x,0.0000
LB_p080_b045_und_s3,0.50,0.0073,Composite,9.37e9,0.33,0.0325,0.030,0.008,Uniaxial Tension X,0.005,Uniaxial Tension Z,0.005,0.0100,0.0225,2.2e9,0.48,0.85,0.10,0.002,200000,OFF,Gmsh,0,xz,Lesicar,No,0.0,0.025,0.006,Z,0.40,Liquid,2.2e9,440029.33528897085,No,4,0.0800,0.4500,2,x,0.0000
LB_p150_b010_drn_s1,0.50,0.0083,Composite,9.37e9,0.33,0.0325,0.030,0.008,Uniaxial Tension X,0.005,Uniaxial Tension Z,0.005,0.0100,0.0225,2.2e9,0.48,0.85,0.10,0.002,200000,OFF,Gmsh,0,xz,Lesicar,No,0.0,0.025,0.006,Z,0.40,Liquid,2.2e+06,440029.33528897085,No,4,0.1500,0.1000,2,x,0.0000
LB_p150_b010_drn_s2,0.50,0.0083,Composite,9.37e9,0.33,0.0325,0.030,0.008,Uniaxial Tension X,0.005,Uniaxial Tension Z,0.005,0.0100,0.0225,2.2e9,0.48,0.85,0.10,0.002,200000,OFF,Gmsh,0,xz,Lesicar,No,0.0,0.025,0.006,Z,0.40,Liquid,2.2e+06,440029.33528897085,No,4,0.1500,0.1000,2,x,0.0000
LB_p150_b010_drn_s3,0.50,0.0083,Composite,9.37e9,0.33,0.0325,0.030,0.008,Uniaxial Tension X,0.005,Uniaxial Tension Z,0.005,0.0100,0.0225,2.2e9,0.48,0.85,0.10,0.002,200000,OFF,Gmsh,0,xz,Lesicar,No,0.0,0.025,0.006,Z,0.40,Liquid,2.2e+06,440029.33528897085,No,4,0.1500,0.1000,2,x,0.0000
LB_p150_b010_und_s1,0.50,0.0083,Composite,9.37e9,0.33,0.0325,0.030,0.008,Uniaxial Tension X,0.005,Uniaxial Tension Z,0.005,0.0100,0.0225,2.2e9,0.48,0.85,0.10,0.002,200000,OFF,Gmsh,0,xz,Lesicar,No,0.0,0.025,0.006,Z,0.40,Liquid,2.2e9,440029.33528897085,No,4,0.1500,0.1000,2,x,0.0000
LB_p150_b010_und_s2,0.50,0.0083,Composite,9.37e9,0.33,0.0325,0.030,0.008,Uniaxial Tension X,0.005,Uniaxial Tension Z,0.005,0.0100,0.0225,2.2e9,0.48,0.85,0.10,0.002,200000,OFF,Gmsh,0,xz,Lesicar,No,0.0,0.025,0.006,Z,0.40,Liquid,2.2e9,440029.33528897085,No,4,0.1500,0.1000,2,x,0.0000
LB_p150_b010_und_s3,0.50,0.0083,Composite,9.37e9,0.33,0.0325,0.030,0.008,Uniaxial Tension X,0.005,Uniaxial Tension Z,0.005,0.0100,0.0225,2.2e9,0.48,0.85,0.10,0.002,200000,OFF,Gmsh,0,xz,Lesicar,No,0.0,0.025,0.006,Z,0.40,Liquid,2.2e9,440029.33528897085,No,4,0.1500,0.1000,2,x,0.0000
LB_p150_b020_drn_s1,0.50,0.0094,Composite,9.37e9,0.33,0.0325,0.030,0.008,Uniaxial Tension X,0.005,Uniaxial Tension Z,0.005,0.0100,0.0225,2.2e9,0.48,0.85,0.10,0.002,200000,OFF,Gmsh,0,xz,Lesicar,No,0.0,0.025,0.006,Z,0.40,Liquid,2.2e+06,440029.33528897085,No,4,0.1500,0.2000,2,x,0.0000
LB_p150_b020_drn_s2,0.50,0.0094,Composite,9.37e9,0.33,0.0325,0.030,0.008,Uniaxial Tension X,0.005,Uniaxial Tension Z,0.005,0.0100,0.0225,2.2e9,0.48,0.85,0.10,0.002,200000,OFF,Gmsh,0,xz,Lesicar,No,0.0,0.025,0.006,Z,0.40,Liquid,2.2e+06,440029.33528897085,No,4,0.1500,0.2000,2,x,0.0000
LB_p150_b020_drn_s3,0.50,0.0094,Composite,9.37e9,0.33,0.0325,0.030,0.008,Uniaxial Tension X,0.005,Uniaxial Tension Z,0.005,0.0100,0.0225,2.2e9,0.48,0.85,0.10,0.002,200000,OFF,Gmsh,0,xz,Lesicar,No,0.0,0.025,0.006,Z,0.40,Liquid,2.2e+06,440029.33528897085,No,4,0.1500,0.2000,2,x,0.0000
LB_p150_b020_und_s1,0.50,0.0094,Composite,9.37e9,0.33,0.0325,0.030,0.008,Uniaxial Tension X,0.005,Uniaxial Tension Z,0.005,0.0100,0.0225,2.2e9,0.48,0.85,0.10,0.002,200000,OFF,Gmsh,0,xz,Lesicar,No,0.0,0.025,0.006,Z,0.40,Liquid,2.2e9,440029.33528897085,No,4,0.1500,0.2000,2,x,0.0000
LB_p150_b020_und_s2,0.50,0.0094,Composite,9.37e9,0.33,0.0325,0.030,0.008,Uniaxial Tension X,0.005,Uniaxial Tension Z,0.005,0.0100,0.0225,2.2e9,0.48,0.85,0.10,0.002,200000,OFF,Gmsh,0,xz,Lesicar,No,0.0,0.025,0.006,Z,0.40,Liquid,2.2e9,440029.33528897085,No,4,0.1500,0.2000,2,x,0.0000
LB_p150_b020_und_s3,0.50,0.0094,Composite,9.37e9,0.33,0.0325,0.030,0.008,Uniaxial Tension X,0.005,Uniaxial Tension Z,0.005,0.0100,0.0225,2.2e9,0.48,0.85,0.10,0.002,200000,OFF,Gmsh,0,xz,Lesicar,No,0.0,0.025,0.006,Z,0.40,Liquid,2.2e9,440029.33528897085,No,4,0.1500,0.2000,2,x,0.0000
LB_p150_b030_drn_s1,0.50,0.0107,Composite,9.37e9,0.33,0.0325,0.030,0.008,Uniaxial Tension X,0.005,Uniaxial Tension Z,0.005,0.0100,0.0225,2.2e9,0.48,0.85,0.10,0.002,200000,OFF,Gmsh,0,xz,Lesicar,No,0.0,0.025,0.006,Z,0.40,Liquid,2.2e+06,440029.33528897085,No,4,0.1500,0.3000,2,x,0.0000
LB_p150_b030_drn_s2,0.50,0.0107,Composite,9.37e9,0.33,0.0325,0.030,0.008,Uniaxial Tension X,0.005,Uniaxial Tension Z,0.005,0.0100,0.0225,2.2e9,0.48,0.85,0.10,0.002,200000,OFF,Gmsh,0,xz,Lesicar,No,0.0,0.025,0.006,Z,0.40,Liquid,2.2e+06,440029.33528897085,No,4,0.1500,0.3000,2,x,0.0000
LB_p150_b030_drn_s3,0.50,0.0107,Composite,9.37e9,0.33,0.0325,0.030,0.008,Uniaxial Tension X,0.005,Uniaxial Tension Z,0.005,0.0100,0.0225,2.2e9,0.48,0.85,0.10,0.002,200000,OFF,Gmsh,0,xz,Lesicar,No,0.0,0.025,0.006,Z,0.40,Liquid,2.2e+06,440029.33528897085,No,4,0.1500,0.3000,2,x,0.0000
LB_p150_b030_und_s1,0.50,0.0107,Composite,9.37e9,0.33,0.0325,0.030,0.008,Uniaxial Tension X,0.005,Uniaxial Tension Z,0.005,0.0100,0.0225,2.2e9,0.48,0.85,0.10,0.002,200000,OFF,Gmsh,0,xz,Lesicar,No,0.0,0.025,0.006,Z,0.40,Liquid,2.2e9,440029.33528897085,No,4,0.1500,0.3000,2,x,0.0000
LB_p150_b030_und_s2,0.50,0.0107,Composite,9.37e9,0.33,0.0325,0.030,0.008,Uniaxial Tension X,0.005,Uniaxial Tension Z,0.005,0.0100,0.0225,2.2e9,0.48,0.85,0.10,0.002,200000,OFF,Gmsh,0,xz,Lesicar,No,0.0,0.025,0.006,Z,0.40,Liquid,2.2e9,440029.33528897085,No,4,0.1500,0.3000,2,x,0.0000
LB_p150_b030_und_s3,0.50,0.0107,Composite,9.37e9,0.33,0.0325,0.030,0.008,Uniaxial Tension X,0.005,Uniaxial Tension Z,0.005,0.0100,0.0225,2.2e9,0.48,0.85,0.10,0.002,200000,OFF,Gmsh,0,xz,Lesicar,No,0.0,0.025,0.006,Z,0.40,Liquid,2.2e9,440029.33528897085,No,4,0.1500,0.3000,2,x,0.0000
LB_p150_b045_drn_s1,0.50,0.0120,Composite,9.37e9,0.33,0.0325,0.030,0.008,Uniaxial Tension X,0.005,Uniaxial Tension Z,0.005,0.0100,0.0225,2.2e9,0.48,0.85,0.10,0.002,200000,OFF,Gmsh,0,xz,Lesicar,No,0.0,0.025,0.006,Z,0.40,Liquid,2.2e+06,440029.33528897085,No,4,0.1500,0.4500,2,x,0.0000
LB_p150_b045_drn_s2,0.50,0.0120,Composite,9.37e9,0.33,0.0325,0.030,0.008,Uniaxial Tension X,0.005,Uniaxial Tension Z,0.005,0.0100,0.0225,2.2e9,0.48,0.85,0.10,0.002,200000,OFF,Gmsh,0,xz,Lesicar,No,0.0,0.025,0.006,Z,0.40,Liquid,2.2e+06,440029.33528897085,No,4,0.1500,0.4500,2,x,0.0000
LB_p150_b045_drn_s3,0.50,0.0120,Composite,9.37e9,0.33,0.0325,0.030,0.008,Uniaxial Tension X,0.005,Uniaxial Tension Z,0.005,0.0100,0.0225,2.2e9,0.48,0.85,0.10,0.002,200000,OFF,Gmsh,0,xz,Lesicar,No,0.0,0.025,0.006,Z,0.40,Liquid,2.2e+06,440029.33528897085,No,4,0.1500,0.4500,2,x,0.0000
LB_p150_b045_und_s1,0.50,0.0120,Composite,9.37e9,0.33,0.0325,0.030,0.008,Uniaxial Tension X,0.005,Uniaxial Tension Z,0.005,0.0100,0.0225,2.2e9,0.48,0.85,0.10,0.002,200000,OFF,Gmsh,0,xz,Lesicar,No,0.0,0.025,0.006,Z,0.40,Liquid,2.2e9,440029.33528897085,No,4,0.1500,0.4500,2,x,0.0000
LB_p150_b045_und_s2,0.50,0.0120,Composite,9.37e9,0.33,0.0325,0.030,0.008,Uniaxial Tension X,0.005,Uniaxial Tension Z,0.005,0.0100,0.0225,2.2e9,0.48,0.85,0.10,0.002,200000,OFF,Gmsh,0,xz,Lesicar,No,0.0,0.025,0.006,Z,0.40,Liquid,2.2e9,440029.33528897085,No,4,0.1500,0.4500,2,x,0.0000
LB_p150_b045_und_s3,0.50,0.0120,Composite,9.37e9,0.33,0.0325,0.030,0.008,Uniaxial Tension X,0.005,Uniaxial Tension Z,0.005,0.0100,0.0225,2.2e9,0.48,0.85,0.10,0.002,200000,OFF,Gmsh,0,xz,Lesicar,No,0.0,0.025,0.006,Z,0.40,Liquid,2.2e9,440029.33528897085,No,4,0.1500,0.4500,2,x,0.0000
