run_id,L,L_mesh,Is_Porous,E_matrix,nu_matrix,VoF_sphere,r_avg,VoF_void_sphere,VoF_incl_sphere,E_sphere_inclusion,sphericity_avg,PBC_Method,Bending_PBC_Type,Growth_Direction,generate_channels,channel_vof_target,E_x,nu_x,porosity,V_solid,phi_inclusion,phi_soft_total,E_eff,nu_eff,G_eff,D_rve
TOR_L240_s1,0.24,0.033,Composite,9.3922e+09,0.33,0.09,0.040,0.012,0.078,2.2e9,0.65,Gmsh,Lesicar,Z,Yes,0.052,6695343522.622123,0.33397420409747874,0.018711552546787802,0.013565331497593203,0.14054480126983218,0.15925635381661998,6695343522.622123,0.33397420409747874,MISSING,MISSING
TOR_L240_s2,0.24,0.033,Composite,9.3922e+09,0.33,0.09,0.040,0.012,0.078,2.2e9,0.65,Gmsh,Lesicar,Z,Yes,0.052,6902373566.176027,0.33308975384486816,0.01947560446818486,0.01355476924383181,0.12863933201270164,0.1481149364808865,6902373566.176027,0.33308975384486816,MISSING,MISSING
TOR_L240_s3,0.24,0.033,Composite,9.3922e+09,0.33,0.09,0.040,0.012,0.078,2.2e9,0.65,Gmsh,Lesicar,Z,Yes,0.052,6694422130.738335,0.32913433716941864,0.0204776357038845,0.013540917164029498,0.14724470245301588,0.16772233815690038,6694422130.738335,0.32913433716941864,MISSING,MISSING
TOR_L240_s4,0.24,0.033,Composite,9.3922e+09,0.33,0.09,0.040,0.012,0.078,2.2e9,0.65,Gmsh,Lesicar,Z,Yes,0.052,6564722477.155579,0.3378994776404626,0.012340055288496021,0.013653411075691829,0.14960210582805583,0.16194216111655185,6564722477.155579,0.3378994776404626,MISSING,MISSING
TOR_L240_s5,0.24,0.033,Composite,9.3922e+09,0.33,0.09,0.040,0.012,0.078,2.2e9,0.65,Gmsh,Lesicar,Z,Yes,0.052,6834386675.919047,0.33587762118072195,0.012887359017916156,0.013645845148936325,0.135174285317219,0.14806164433513516,6834386675.919047,0.33587762118072195,MISSING,MISSING
TOR_L240_s6,0.24,0.033,Composite,9.3922e+09,0.33,0.09,0.040,0.012,0.078,2.2e9,0.65,Gmsh,Lesicar,Z,Yes,0.052,7048236911.906255,0.3313345207271117,0.011768636680189126,0.013661310366533064,0.13634452437495478,0.1481131610551439,7048236911.906255,0.3313345207271117,MISSING,MISSING
TOR_L320_s1,0.32,0.033,Composite,9.3922e+09,0.33,0.09,0.040,0.012,0.078,2.2e9,0.65,Gmsh,Lesicar,Z,Yes,0.052,6416726104.452478,0.3366367206382284,0.012607717303972255,0.032354870319383444,0.15744614890280714,0.1700538662067794,6416726104.452478,0.3366367206382284,MISSING,MISSING
TOR_L320_s2,0.32,0.033,Composite,9.3922e+09,0.33,0.09,0.040,0.012,0.078,2.2e9,0.65,Gmsh,Lesicar,Z,Yes,0.052,6531941540.268517,0.33606578392705,0.014534316925983615,0.032291739502969374,0.1491017230666983,0.16363603999268192,6531941540.268517,0.33606578392705,MISSING,MISSING
TOR_L320_s3,0.32,0.033,Composite,9.3922e+09,0.33,0.09,0.040,0.012,0.078,2.2e9,0.65,Gmsh,Lesicar,Z,Yes,0.052,6731175219.740363,0.33416247262154297,0.011912357845278776,0.03237765585812591,0.14347046583323084,0.1553828236785096,6731175219.740363,0.33416247262154297,MISSING,MISSING
TOR_L320_s4,0.32,0.033,Composite,9.3922e+09,0.33,0.09,0.040,0.012,0.078,2.2e9,0.65,Gmsh,Lesicar,Z,Yes,0.052,6373728926.171458,0.33811045204579754,0.012941315062748981,0.032343938988023846,0.16000708322093044,0.17294839828367942,6373728926.171458,0.33811045204579754,MISSING,MISSING
TOR_L320_s5,0.32,0.033,Composite,9.3922e+09,0.33,0.09,0.040,0.012,0.078,2.2e9,0.65,Gmsh,Lesicar,Z,Yes,0.052,6639341865.154404,0.33810592547289886,0.011118956990613382,0.032403654017331585,0.1457549905407813,0.1568739475313947,6639341865.154404,0.33810592547289886,MISSING,MISSING
TOR_L320_s6,0.32,0.033,Composite,9.3922e+09,0.33,0.09,0.040,0.012,0.078,2.2e9,0.65,Gmsh,Lesicar,Z,Yes,0.052,6785021744.289235,0.3354641840390014,0.014134881002532462,0.03230482821930902,0.1413596523243041,0.15549453332683658,6785021744.289235,0.3354641840390014,MISSING,MISSING
TOR_L400_s1,0.40,0.033,Composite,9.3922e+09,0.33,0.09,0.040,0.012,0.078,2.2e9,0.65,Gmsh,Lesicar,Z,Yes,0.052,6535289493.742885,0.33418104712862057,0.021275576777865512,0.06263836308621662,0.14790244299001454,0.16917801976788005,6535289493.742885,0.33418104712862057,MISSING,MISSING
TOR_L400_s2,0.40,0.033,Composite,9.3922e+09,0.33,0.09,0.040,0.012,0.078,2.2e9,0.65,Gmsh,Lesicar,Z,Yes,0.052,6671356977.305579,0.3357100654664466,0.021094250926826597,0.06264996794068312,0.1337251538284789,0.1548194047553055,6671356977.305579,0.3357100654664466,MISSING,MISSING
TOR_L400_s3,0.40,0.033,Composite,9.3922e+09,0.33,0.09,0.040,0.012,0.078,2.2e9,0.65,Gmsh,Lesicar,Z,Yes,0.052,6846607065.322676,0.3357973875014969,0.012876598353004032,0.06317589770540775,0.1328092288845391,0.14568582723754314,6846607065.322676,0.3357973875014969,MISSING,MISSING
TOR_L400_s4,0.40,0.033,Composite,9.3922e+09,0.33,0.09,0.040,0.012,0.078,2.2e9,0.65,Gmsh,Lesicar,Z,Yes,0.052,6944980978.406409,0.33518750403029285,0.012004926402427563,0.06323168471024465,0.13296908437962016,0.14497401078204772,6944980978.406409,0.33518750403029285,MISSING,MISSING
TOR_L400_s5,0.40,0.033,Composite,9.3922e+09,0.33,0.09,0.040,0.012,0.078,2.2e9,0.65,Gmsh,Lesicar,Z,Yes,0.052,6939009528.5681715,0.3338658292694361,0.01160447806556919,0.06325731340380358,0.1299311676081372,0.14153564567370638,6939009528.5681715,0.3338658292694361,MISSING,MISSING
TOR_L400_s6,0.40,0.033,Composite,9.3922e+09,0.33,0.09,0.040,0.012,0.078,2.2e9,0.65,Gmsh,Lesicar,Z,Yes,0.052,6581122324.617691,0.3350782588158939,0.012310841425957508,0.06321210614873873,0.1433929612928916,0.15570380271884912,6581122324.617691,0.3350782588158939,MISSING,MISSING
TOR_L480_s1,0.48,0.033,Composite,9.3922e+09,0.33,0.09,0.040,0.012,0.078,2.2e9,0.65,Gmsh,Lesicar,Z,Yes,0.052,6576809813.912296,0.3392461235532041,0.012706522693663569,0.10918676024226234,0.14329865267029257,0.15600517536395614,6576809813.912296,0.3392461235532041,MISSING,MISSING
TOR_L480_s2,0.48,0.033,Composite,9.3922e+09,0.33,0.09,0.040,0.012,0.078,2.2e9,0.65,Gmsh,Lesicar,Z,Yes,0.052,6800074720.366692,0.3367818291723992,0.022385539351881034,0.10811633843199675,0.11859115082831781,0.14097669018019884,6800074720.366692,0.3367818291723992,MISSING,MISSING
TOR_L480_s3,0.48,0.033,Composite,9.3922e+09,0.33,0.09,0.040,0.012,0.078,2.2e9,0.65,Gmsh,Lesicar,Z,Yes,0.052,6760949283.676075,0.33597614676197796,0.012037386194031163,0.10926076138602969,0.13838774480274746,0.15042513099677862,6760949283.676075,0.33597614676197796,MISSING,MISSING
TOR_L480_s4,0.48,0.033,Composite,9.3922e+09,0.33,0.09,0.040,0.012,0.078,2.2e9,0.65,Gmsh,Lesicar,Z,Yes,0.052,6868937339.960792,0.33677798104327594,0.011981538005357617,0.10926693774891147,0.13740841173272272,0.14938994973808034,6868937339.960792,0.33677798104327594,MISSING,MISSING
TOR_L480_s5,0.48,0.033,Composite,9.3922e+09,0.33,0.09,0.040,0.012,0.078,2.2e9,0.65,Gmsh,Lesicar,Z,Yes,0.052,6756482085.324358,0.3372768453986764,0.014777797010495752,0.10895769387301524,0.13413824757845996,0.14891604458895571,6756482085.324358,0.3372768453986764,MISSING,MISSING
TOR_L480_s6,0.48,0.033,Composite,9.3922e+09,0.33,0.09,0.040,0.012,0.078,2.2e9,0.65,Gmsh,Lesicar,Z,Yes,0.052,6784762512.980209,0.33718860601917167,0.01266491877844711,0.10919136130245397,0.13052846625700734,0.14319338503545445,6784762512.980209,0.33718860601917167,MISSING,MISSING
TOR_L640_s1,0.64,0.033,Composite,9.3922e+09,0.33,0.09,0.040,0.012,0.078,2.2e9,0.65,Gmsh,Lesicar,Z,Yes,0.052,6824345404.175219,0.3365583167764463,0.01307037579082826,0.25871767940868917,0.1332414473305664,0.14631182312139465,6824345404.175219,0.3365583167764463,MISSING,MISSING
TOR_L640_s2,0.64,0.033,Composite,9.3922e+09,0.33,0.09,0.040,0.012,0.078,2.2e9,0.65,Gmsh,Lesicar,Z,Yes,0.052,6749242138.650009,0.3362329130663857,0.012939211492610014,0.2587520633424813,0.13602259304581227,0.14896180453842228,6749242138.650009,0.3362329130663857,MISSING,MISSING
TOR_L640_s3,0.64,0.033,Composite,9.3922e+09,0.33,0.09,0.040,0.012,0.078,2.2e9,0.65,Gmsh,Lesicar,Z,Yes,0.052,6824320931.192248,0.3367933025164994,0.011975506656637824,0.25900469278300237,0.1320579097755468,0.14403341643218462,6824320931.192248,0.3367933025164994,MISSING,MISSING
TOR_L640_s4,0.64,0.033,Composite,9.3922e+09,0.33,0.09,0.040,0.012,0.078,2.2e9,0.65,Gmsh,Lesicar,Z,Yes,0.052,6830770027.485667,0.33741447839535066,0.013449600519341631,0.25861826792145776,0.1301625211475109,0.14361212166685253,6830770027.485667,0.33741447839535066,MISSING,MISSING
TOR_L640_s5,0.64,0.033,Composite,9.3922e+09,0.33,0.09,0.040,0.012,0.078,2.2e9,0.65,Gmsh,Lesicar,Z,Yes,0.052,6877448450.261501,0.3355141414030819,0.014763045885307968,0.25827395609944187,0.12637062933322682,0.1411336752185348,6877448450.261501,0.3355141414030819,MISSING,MISSING
TOR_L640_s6,0.64,0.033,Composite,9.3922e+09,0.33,0.09,0.040,0.012,0.078,2.2e9,0.65,Gmsh,Lesicar,Z,Yes,0.052,6826690742.335985,0.33582897688799357,0.012755822625131419,0.2588001376337576,0.1329856528744172,0.1457414754995486,6826690742.335985,0.33582897688799357,MISSING,MISSING
TOR_L800_s1,0.80,0.033,Composite,9.3922e+09,0.33,0.09,0.040,0.012,0.078,2.2e9,0.65,Gmsh,Lesicar,Z,Yes,0.052,6818006290.005467,0.3360350272234943,0.011915177173876357,0.5058994292869754,0.13418750776762187,0.14610268494149822,6818006290.005467,0.3360350272234943,MISSING,MISSING
TOR_L800_s2,0.80,0.033,Composite,9.3922e+09,0.33,0.09,0.040,0.012,0.078,2.2e9,0.65,Gmsh,Lesicar,Z,Yes,0.052,6888925389.0091305,0.3357742128548918,0.01196473621323313,0.5058740550588248,0.12902651329933257,0.1409912495125657,6888925389.0091305,0.3357742128548918,MISSING,MISSING
TOR_L800_s3,0.80,0.033,Composite,9.3922e+09,0.33,0.09,0.040,0.012,0.078,2.2e9,0.65,Gmsh,Lesicar,Z,Yes,0.052,6833046930.139389,0.33711286725337775,0.011919218290925016,0.5058973602350465,0.13183259391220387,0.14375181220312888,6833046930.139389,0.33711286725337775,MISSING,MISSING
